    A hypocorism (; from Greek  , "to use child-talk"Oxford English Dictionary, online edition: "hypocorism". Retrieved 24 June 2008.), also known as a pet name or calling name,calling name is a shorter or diminutive form of a word or given name, for example, when used in more intimate situations as a nickname or term of endearment. However, shortening of names is certainly not exclusive to terms of affection; indeed, in many cases, a shortened name can also be used to intimidate or humiliate. The ambiguity would need to be clarified by context. Hypocorisms are often generated as: As evident from the above-mentioned examples, hypocorisms frequently demonstrate (indirectly) a phonological linguistic universal (or tendency) for high-pitched sounds to be used for smaller creatures and objects (here as more "cute" or less imposing names). Higher-pitched sounds are associated with smaller creatures because smaller creatures can only make such high frequency sounds given their smaller larynxes. The word "hypocorism" is the noun form in English; "hypocoristic" is the adjective form. Some other languages prefer to use the original Greek word "hypocoristicon" as a noun. The noun "hypocoristicon" seems to be rarely used in English. The traditional hypocoristic forms of Bulgarian masculine names end with "-cho", for example: Ivan - Ivancho - Vancho, Stoyan - Stoyancho, Petur - Peturcho, Angel - Angelcho. The traditional hypocoristic forms of Bulgarian feminine names end with "-ka", for example: Ivana - Ivanka, Snezhana - Snezhanka, Bozhana - Bozhanka. In recent times, however, the hypocoristic forms of many Bulgarian names receive English and Russian endings, for example: English also forms nicknames in a variety of manners. Shortening, often to the first syllable:  Addition of a diminutive suffix, usually -ie or -y, often to an already shortened name.  This suffix connotes smallness or endearment.  Although most often applied to the names of children, it is not uncommon for an adult to be referred to by the diminutive, especially by family, friends and close acquaintances:  A short form that differs significantly from the name:  Esperanto forms nicknames by suffixing -njo (for females) and -ĉjo (for males) to the first letter(s) of the basic name or word. (This is the only situation in Esperanto in which a word root is shortened or otherwise changed in word-building.) Informal French has a number of diminutive nicknames, although not as systematically as in English. In French, for both male and female names, hypocorisms are most commonly formed by dropping the last syllable: Dropping the first syllable is also attested: Sometimes, only central syllables are kept: Another method commonly used is doubling one syllable of the name: For male names, the ending -ot is attested, although its use is rather dated: It was also sometimes (but rarely) used for females: The ending -et for males was used around the Renaissance, and is now obsolete: For female names, the ending -ette was used in the first half of the 20th century, and even often given as the official name: Some names in -ette are not actual hypocorisms, but the only existing feminized form of a male name: The ending -on is rarer, often dated or obsolete, used for both genders: The ending -ou is also rare: A special case is the ending in -ick/ -ic, which is the French writing for the hypocoristic form in Breton "-ig", used for both genders. The "-ig" form in Breton means "Little ...". This diminutive, in its French form of "ick" or "ic", became in vogue for official names in the second half of the 20th century: In Breton, the diminutive form "...ig" can be given to any kind of names, nouns or adjectives, (un tammig, a few), while in French it relates only to given names. The name Soazig shows more than the ending "ig". Often in Breton a hypocoristic  form of a given name can be made by putting away the first syllable. "Frañsoaz" becomes a  familiar "Soaz" then, given to a child, the name is "Soazig", but not  as an official name. This is also a difference between French and Breton: the diminutive ending "...ig" in Breton is only used as a temporary form for young children, while "...ick" is official and permanent in French names, and has lost his sense of a diminutive. For words, French often produces hypocorisms either by truncating a word after the letter o, or by chopping off the end of the word and adding an o: McDo from McDonalds; gynéco from gynécologue; dico from dictionnaire; dodo (childish word for sleep, from dormir, to sleep); écolo from écologiste; coco from communiste; catho from catholique; psycho from psychologie. The ending -oche (with or without an intervening consonant or phoneme to make it easier to pronounce) is also sometimes used: cinoche (cinéma), MacDoche (McDonalds), fastoche (easy-peezy, from facile, easy).  Words or names may also be shortened or abbreviated without an O: fixs from fixations, 'ski bindings'; Jean-Phi from Jean-Philippe; amphi from amphithéatre (large classroom or lecture hall); ciné (another informal word for cinéma).  These words are familiar/informal versions of the underlying words. The connotation of familiarity (my friend Jean-Phi, as opposed to my new colleague Jean-Philippe; cinoche, the place I often go for entertainment, as opposed to cinéma, the neutral word for a movie theater) is what makes them hypocorisms. Hypocorisms of first names are commonly based on truncation, only keeping the first (Max) or last (Hans) syllable(s), sometimes in contracted form as these examples show. Often the ending -i is added to these truncated nameforms. The name might also undergo a sound shift (Sepp). Further diminutives can be added with the suffixes -lein, -(e)l or -chen, e.&nbsp;g.  Gretel or Gretchen as a diminutive for Grete. Sometimes female names may have the ending -el instead of -i, or any other shortening, especially in southern Germany: An ending for nicknames, sometimes considered “typical German” is -z: Hypocorisms of first names are commonly based on truncation, only keeping the first (Kat-; Jul-) syllable, sometimes in contracted form as these examples show. Often the ending -i is added to these truncated nameforms (Kati, Laci, Julcsi, Ági, Feri). Further diminutives can be added with the suffixes -ka, -ke, -kó, -csi, etc., e.&nbsp;g. Lacika, Ferike, Palkó and Julcsi as a diminutive respectively for László, Ferenc, Pál and Júlia. Hypocorisms usually consist of the first syllable of the name with a diminutive suffix ending in -i (masculine) or -a or ý (feminine). There are however some exceptions, for example Nonni which is an alternative from for Jón. Some diminutive forms can be further modified by abbreviation depending on the region. Some diminutives can be abbreviations of more than one name (ex. Pippo can be Giuseppe or Filippo; Lele can be diminutive of pretty much all the names which end in "ele": Gabriele, Raffaele, Emanuele). A Catholic tradition until 1945, children were named after saints or biblical personas, therefore some people have an English hypocorism which derives from a very obsolete Italian name ex. Calogero, Gerardo or Virginio become Jerry, Genoveffa becomes Jenny, Anastasia becomes Stacy and Maria Grazia becomes Grace. In some alpine regions, many people called Francesco are called Franz by their relatives and friends. That name is both an abbreviation of the Italian form and a German name in itself. In Persian some of the most used personal names have hypocorisms. Many of these hypocorisms are formed by truncating the name and adding an -i to the end, or by using just a part of a composed name.  In Polish, there are multiple affixes used to create the diminutive. Some of them are -ka, -sia, -cia, -unia, -enka, -śka, -lka for feminine nouns and -ek, -uś, -ciek, -czek, -uń, -eńki, -lki for masculine (among others). Some of the stems change, particularly to more archaic forms of the name (e.g. Andrzej → Jędrek). Some masculine names take an -o suffix that is considered archaic form, present in Polish since pagan times. Masculine names occasionally take an -a suffix, which is an archaic Slavic form as in Russian (e.g. Jakub → Kuba). Here is a list of common names with some of them:  In Portuguese, abbreviations of the name are common, such as suffixes for diminutive and augmentative. For males, the suffixes -inho (diminutive) and -ão (augmentative) are the most used. In several parts of Brazil, -inho is informally replaced by -im in diminutive words. The same occurs with hypocorisms as, for example, Luisim instead of Luisinho. For females, -inha (diminutive) is the most used in Portuguese;  augmentatives are uncommon. In compound names some mixed forms can occur, such as José Carlos being called Zeca, or Maria Luísa being called Malu. The phenomenon also occurs with terms of address other than personal names; for example, a cachorro or cão (both meaning "dog") can be affectionately called cachorrinho or cãozinho (the most common translations of the English word puppy).  Male examples Female examples Russian has a wide variety of diminutive forms for names, to the point that for non-Russian speakers it can be difficult to connect a nickname to the original. Diminutive forms for nouns are usually distinguished with -ик (-ik), -ок (-ok), -ёк (-yok) (masculine gender), -чк-/-шк- (-chk-/-shk-) and -оньк-/-еньк- (-on’k-/-en’k-) suffixes. Names can be somewhat more arbitrary, but still follow a loose pattern. A list of common names and their diminutive forms: Some names can also be modified with a -ka ending to add a further level of familiarity, but are not normally used for adults who are not family members. In Slovak, feminine diminutives usually end in -ka and masculine in -ko. In Slovene, diminutives are very common. In many cases they have almost completely replaced their originals (such is the case of Špela for Elizabeta, Branko for Branislav, or Alenka, Majda, and Magda for Magdalena). Especially among female names, the etymological link of the diminutive with the original name has been lost and the diminutive is perceived by most speakers to be a separate name (such is the case for Mojca, deriving from Marija, or Maja and Alenka deriving from Magdalena). In other cases, especially among male names, this link has been kept, but frequently boys are given diminutives as their given names (such as Miha instead of Mihael, Ivo instead of Ivan, or Nejc instead of Jernej etc.) Spanish forms diminutives by adding one of several diminutive suffixes: -ito/a, -cito/a, -ecito/a, -ico/a, -cico/a -illo/a, -cillo/a, -uelo/a, -zuelo/a, -ete/a, -ín, -iño/a: It is common for a person to be known by 2 first names: José Luis, María Teresa, Juan Carlos, etc.  Combining the 2 names into one is another common way to form a hypocorism:  Many Spanish nicknames, however, are or can seem very unlike the original name.  Notice, however, that the -ch-  sound is common in these diminutives:  Also, several names (especially female) may have their endings cut off and the vowel -"i" added at the end in the formation of pet names: Speakers of Philippine languages follow the same system. Male hypocorisms are often based on the first syllable of the name (shortening it if it's long), plus the ending -e. Hypocorisms are almost always two-syllabic with a grave accent.   These forms may be quite old: the oldest possible attestation may be the name Sibbi on the Rök Runestone dating to about 800 AD. Like male hypocorisms, female hypocorisms tend to be bisyllabic: a reduction (in English) of a longer word to a single syllable, then adding -y or -ie to the end, such as movie ("moving picture"), telly ("television") or Aussie ("Australian"). a contracted form of a personal name, such as Tony  from Anthony, Rosy for Rosemarie or Vicky from Victoria. a baby-talk form approximating the name's pronunciation, such as Bess for Elizabeth. a personal name with a diminutive suffix; in some languages diminutive forms of names  are used primarily when referring to children, and the meaning can oscillate between tenderness and condescension when used for an adult. -(c)ito/-(c)ita or -(c)ín/-(c)ina in Spanish, such as Juanita from Juana. Extra consonants may be interposed as in Carmelina and Carmencita from Carmen, or merged, as in Carmina. -chen, -lein, -(l)i, -(e)le (usually used with names) in German, such as Hündchen or Hündlein (from Hund, meaning "dog") or Kalli (from Karl, a name) or Häusle or Häusele (from Haus, meaning "house"); a back vowel in the root is normally subjected to umlaut, i.e. shift from u, o, a to ü, ö, ä respectively (e.g. Hund → Hündchen, Arm → Ärmchen, Holz → Hölzchen). a similar form, -etto/-etta, in Interlingua. the usual hypocoristic endings in Dutch are in both words and personal names alike: -tje, -ke. When the name ends in a t or a d the ending is then a -je (e.g. Bert →  Bertje). If the final consonant of a name is m, the ending is then -pje (e.g. Bram → Brampje), -metje (Bram → Brammetje) or -mie (Bram → Brammie). For the other consonants the hypocoristic form is -tje. In the southern parts of the Netherlands and the northern part of Belgium the hypocoristic form is often -ke (e.g. Peer →  Peerke). Also in Frisian the usual hypocoristic ending is -ke (e.g. Ype → Ypke). But this form, and others like -ske and -tsje, often makes the name feminine (e.g. Jetse → Jetske) as they do in Dutch (e.g. Jan → Jantje, Hans → Hansje). There is another productive hypocoristic ending: in the eastern part of the Netherlands (mostly in the province Drenthe), the female form is -chien Examples are Anne → Annechien, Lammert→ Lammechien. a parallel construction in Portuguese, with -(z)inho/-(z)inha, as in Aninha from Ana and Joãozinho from João. same in Italian and Italian regional languages, with -ino/-ina and -etto/-etta as in Paolino/Paoletto and Paolina/Paoletta from Paolo and Paola. There are also -ello/-ella, as in Donatello/Donatella from Donato and Donata, -uccio/-uccia, as in Guiduccio from Guido and -etto/-etta, as in Giulietta from Giulia. The forms -uzzo/-uzza, as in Santuzza from Santa, are typical of Sicilian. -ĉj- and -nj- affixes (for males and females respectively) in Esperanto; these replace the last consonant (or consonant cluster) of the root, thus patro → paĉjo (father), patrino → panjo (mother). -chan, -tan, or -pi in Japanese, such as Kana-chan from Kana and Aki-chan from Akihiro. Gemination (doubling) of the consonant or lengthening of the vowel before the -chan to provide two moras is common, such as Settchan from Setsuko and Hii-chan from Hiroki. reduplication in various languages, such as John-John or Didi. in Cantonese and related dialects, the addition of a word-final very high tone, or changed tone sometimes in combination with the addition of the prefix A before the name. The A syllable is also used in other dialects originating in southern China as a term of endearment or closeness. -ulus/-ula in Latin, most famously in the case of the Roman emperor Caligula, whose nickname means "little boot".  He received the name from soldiers in reference to the small army sandals (caligae, singular caliga) he wore when he was young.  Likewise the name Ursula is derived from ursa (bear) and means "little she-bear". -eleh/-leh in Yiddish. An example is Leah → Leahleh. a combination of multiple methods from those described above. For example, in Romanian, Ileana becomes Ilenuța by addition of a diminutive suffix, and Ilenuța becomes Nuți by contraction. In the Anglo-Saxon language, hypocoristic forms were made by truncating the name and adding '-a' (genitive '-an'); if that '-a' is preceded by a short vowel and then one consonant, that one consonant was doubled; sometimes assimilation happened, e.g. Cēomma for Cēolmǣr. These hypocoristic names are often the first component of a placename, for example Badby, which is recorded in 944 as Baddanbyrig (dative case) = (at/to) "Badda's fort". Անդրանիկ Andranik → Անդո Ando Հովհաննես Hovhannes → Հովո Hovo Տիգրան Tigran → Տիկո Tiko Հայկ Hayk → Հայկո Hayko Anirban → Ani Debmalya → Debu Mitalee → Mita Александър Aleksandar → Сашо Sasho Александра Aleksandra → Сашка Sashka Ангел Angel → Ачо Acho Антон/Антоанета Anton/Antoaneta → Тони Tony Апостол Apostol → Апо Apo Богомил Bogomi → Бого Bogo Божидар Bozhidar → Божо Bozho, Бого Bogo Борис Boris → Борко Borko Борислав Borislav → Боби Bobby Веселина Vesselina → Веси Vessy Виолета Violeta→ Вили Villy Владимир Vladimir → Владо Vlado Георги Georgi → Гошо Gosho, Гоце Gotse, Жорка Zhorka, Жоро Zhoro Григор Grigor → Гришо Grisho, Гриша Grisha Дамян Damyan → Даме Dame Даниел/а Daniel/a→ Дани Danny Димитър Dimitar → Митко Mitko, Митьо Mityo, Митак Mitak Евгения Evgeniya→ Жени Zheni, Ния Nia Емил Emil → Емо Emo Иван Ivan → Ванко Vanko, Ванчо Vancho, Ванка Vanka Ивайло Ivaylo → Иво Ivo, Ивчо Ivcho Иванка Ivanka → Ваня Vanya Йордан Yordan → Данчо Dancho Йорданка Yordanka → Данче Danche Калоян Kaloyan → Кало Kalo Кирил Kirli → Киро Kiro, Кирчо Kircho Климент Kliment → Климе Klime Константин Konstantin → Косьо Kossyo, Коце Kotse, Коко Koko Лиляня Lilyana → Лили Lilly Любомира Lyubomira → Люба Lyuba Мартин Martin → Марто Marto Методи(й) Metodi(y)→ Мето Meto Мирослав Miroslav → Миро Miro Михаил Mihayl → Мишо Misho Надежда Nadezhda → Надя Nadya Николай Nikolay → Ники Nicky Пламен Plamen → Пацо Patso Петър Петър → Пешо Pesho, Пепи Pepi Радостина Radostina → Ради Radi, Радка Radka Светослав Svetoslav → Светльо Svetlyo Симеон Simeon → Мони Moni Стефан Stefan → Чефо Chefo Татяна Tatyana → Таня Tanya Тихомир Tihomir → Тишо Tisho Anton → Tono Antoni → Toni Bartomeu → Tomeu, Xumeu Benet → Neto Carme → Carmina Concepció → Ció, Conxita Dolors → Dolo Elisabet → Bet Ferran → Rano Francesc → Cesc, Cesco, Xesc, Xisco, Cisco, Siscu, Quico Francesca → Xesca, Xisca, Cisca Gabriel → Biel Isabel → Bel Jacint → Cinto Jesús → Suso, Xuso Joan → Chuano Joaquim → Quim, Ximo Josefina → Fina → Fineta Josep → Pep, Pitu Magdalena → Malena, Magda Maria → Mariona Maria Isabel → Maribel Meritxell → Txell Miquel → Quelo Montserrat → Montse Narcís → Narciset → Ciset Rafel → Felo Salvador → Voro Vicent → Sento Andrija → Andro, Andre Andrijica, Jašo Antun → Ante, Antiša, Tonči,Toni Danijel → Dane, Danko Davorin → Davor, Dado, Rino, Darko Dominik → Domo, Domko Franjo → Frane, Frano, Fran, Francek Ivan → Ivica, Ivo, Ivek, Ico, Ivko, Ićo, Iko Jerolim → Jerko, Jere, Jerkan Josip → Joso, Joža, Jozo, Joško, Joco, Jole, Joko Juraj → Jure, Jura, Juko, Jurica, Jurko, Juriša, Jureško Luka → Lukša, Lukica, Luketa Marko → Maro, Markec, Markan, Markica, Marketa Matej → Mate, Mato, Matan, Matko Mihovil, Mihael → Miho, Mijo, Mišo, Miško Miroslav → Miro, Mirko Nikola → Niko, Nikša, Nikica, Niđo Pavao, Pavle → Pavo, Pave, Pavko, Pajo Petar → Pero, Perica, Petko, Peko, Peran, Perko Robert → Robi, Robo Stjepan, Štefan → Stipe, Stipo, Stipko, Stipica, Štef, Štefek, Štefko Šimun → Šime, Šimunica Tomislav → Tomo, Tomek, Tomica, Tomiša Vladimir → Vlado, Vlatko, Vladan Zvonimir → Zvone, Zvonko Abraham → Ab, Bram Adolf → Dolf Adriaan → Aad Albert → Appie, Ab, Bert Alexander → Alex, Lex, Sander, Xander Alexandra → Sandra, Sanne, Sanna, Alexia, Xandra Arend → Aart Beatrix → Trix, Bea Catharina → Carina, Katrien, Rina, Lina, Kathelijne, Katie, Rineke, Lineke, Katrijn, Trijntje Charlotte → Lotte Cornelis → Kees, Cor, Nelis, Corné, Krelis Cornelia → Neeltje, Neelie, Corrie, Lia, Nel Daniël → Daan Diederik → Dirk Eleonora → Noortje, Noor, Nora, Ellie Elisabeth, Elizabeth → Liesbeth, Elisa, Eliza, Lisa, Liza, Lies, Elsbeth, Els, Ellie, Bep Esmeralda → Esmee, Merel Esther → Sterre François, Fransiscus → Frans, Frank, Suske, Ciske Franciska → Franka, Ciska Frederik → Fred, Freek, Derk, Frits Geertruida → Gertrude, Gerda, Trudy, Truus, Trui Gerard → Gert, Gerd, Geert, Gerrie Hendrikus → Hendrik, Henk, Driek, Rikus, Henri Hieronymus → Jeroen, Jerom Johannes → Johan, Jan, Jannes, Hannes, Hans, Han, John Johanna → Joke, Hanneke, Hanna(h), Hannie, Joanna Koenraad → Koen, Koert Leonard → Leo, Leon, Lennaart, Lennert Louisa, Louise → Wiske, Wies Machgielis → Max Magdalena → Magda, Lena, Lenie, Machteld, Madeleine Maria → Maartje, Marieke, Mieke, Marijke, Mijke, Meike, Ria, Riet Margaretha, Margarita → Margreet, Margriet, Gretha, Marga, Grietje Martinus → Martijn, Martin, Tinus, Maarten, Marten, Mart Mattheüs → Matthijs, Thijs, Matthias Nicolaas → Nico, Niek, Klaas Petrus → Peter, Pieter, Piet Petronella → Petra, Pieternel, Nel, Nelleke, Nellie Rutgerus → Ruud, Rutger Sebastiaan → Seb, Bas, Bastiaan Wilhelmus → Willem, Wim, Pim, Wil Wilhelmina → Willemien, Willemijn, Willeke, Mien, Wilma, Wil Abigail → Abbie, Abby, Abi Abraham → Abe, Ham Alan, Allan, Allen → Al Albert → Al, Bert Alexander, Alexandra, Alexandria → Al, Alec, Alexa, Alexis, Alex, Eck, Lex, Lexie, Sandy, Xander, Xa Alfred → Alf, Fred Alice, Alicia, Alison, Allison → Al, Allie, Aly, Ali Amanda → Amy, Mandy Andrew, Andrea → Drew, Andie, Andy, Drea Ann, Anne, Anna → Annie Anthony → Tony, Ant Antoinette → Toni Archibald → Archie, Archy Arthur → Art, Arty Audrey → Aud Bartholomew → Bart Barbara, Barbra → Barb, Babs Benjamin, Benedict → Ben, Benji, Benny Bernard → Bernie Bradford, Bradley → Brad Bridget  → Bid Caroline, Carolyn → Carol, Lyn, Carrie, Cary Charles → Charlie, Charly, Chas Christopher → Chris, Criffer, Kit, Topher Clifford → Cliff Cynthia → Cindy Daltyn → Dalt Daniel → Dan, Danny David → Dave, Davy Deborah → Deb, Debbie Desmond → Des Dominic, Dominique → Dom, Dommy, Nick, Nikki, Nikky, Nikkie Dorothy → Dot, Dottie Douglas → Doug Dudley → Dud Edwin, Edward, Edmund → Ed, Eddy, Eddie, Ned, Ted Eleanor → Ellie Elizabeth → Eliza, Elisa, Betty, Bettie, Lib, Libby, Liz, Lizzie, Lisa, Liza, Beth, Bess, Besse, Bessie, Bessy, Betsy, Sabeth Emma, Emily → Em, Emmy Eugene → Eug, Gene Ezekiel → Zeke Florence → Flo, Florrie Francis → Frank Franklin → Frank, Frankie Fiona → Fi Gabriel → Gabe Gabrielle → Gabs, Gabby Geoffrey → Geoff, Jeff Gerald → Gerry, Jerry Gertrude → Gertie Gilbert → Bert, Gil Gillian → Jill Gregory → Greg Gwendolyn  → Gwen Henry → Hal, Hank, Harry Hubert → Bert Isaac → Zac, Zach Isabel, Isabella → Isa, Izzy, Bella, Bell Jacob → Jake, Jakey, Jace Jacqueline → Jackie James → Jamie, Jim, Jimbo Jane → Janey Janet, Janette, Janice, Janis → Jan Jason → Jay, Jase, Jace Jeffrey → Jeff Jennifer → Jen, Jenny Jeremiah, Jeremy, Jerome → Jerry, Jezz Joan, Joanna →  Jo, Joani Joel → Joe Jonathan → Jon, Nathan, Johnny Joseph → Joe Josephine → Jo, Josie Joshua → Josh Judith → Judy Katherine → Kate, Kathy, Kat, Kay, Kitty Katrina → Kat, Trina Kelly → Kel Kenneth → Ken, Kenny Kevin → Kev Lawrence, Laurence → Larry, Laurie Leonard → Len, Lennie, Lenny, Leo Leslie → Les Lewis→ Lew Louis → Lou, Louie Lucille → Lucy Lucas → Luke, Luca Lucinda → Cindy Madeleine, Magdalene, Magdalena → Maddie, Magda, Lena Margaret, Marjorie → Maggie, Margie, Marge, Mame, Meg, Martin → Marty Matthew → Matt Megan → Meg Melvin, Melvyn, Melanie, Melissa, Melody, Melinda → Mel Michael → Mick, Micky, Mike, Mikey Millicent → Millie, Milly Mitchell → Mitch Moses → Moe Nancy → Nan Natalie, Nathalie → Nat, Allie Nathan, Nathaniel → Nat, Nate Nell → Nellie, Nelly Nicholas → Nick Nicola, Nicole → Nikki, Nickie, Nicki, Niki, Nikky, Nici Norman → Norm, Normie Oswald → Oz, Ozzie, Ozzy Patricia → Pat, Patty, Trish, Tricia Patrick → Pat, Paddy Peter → Pete, Petey Priscilla → Cilla, Priss, Prisca, Prill Prudence → Pru, Prue Rachel → Rach, Ray, Ray Ray, Rachelle, Raquel, Ricky Randolph → Randy, Rando Reginald → Reg, Reggie Rebecca → Becca, Becky Raymond → Ray Richard → Dick, Rick, Ritch, Ritchie, Richie, Rich, Ricky, Rickey Robert → Rob, Robby, Bert, Bob, Bobert, Bobby Roberta → Bobbie, Robbie, Berta Roderick, Rodney → Rod, Roddy Roger → Rodge Ronald → Ron Rudolf, Rudolph → Rudy Russell → Russ Samuel, Samantha → Sam, Sammy Sandra → Sally, Andra, Sandy Sarah → Sara, Sadie Sebastian → Seb Sidney → Sid Stanley → Stan Stephanie → Steph, Annie, Stephy Steven → Steve Terence → Tel, Terry Theodore → Theo, Ted, Teddy Theresa → Tess, Tessa, Terri Thomas → Tom, Tommy Timothy → Tim, Timmy Valentine, Valerie → Val Victor → Vic Victoria → Tor,Tory, Tori, Vick, Vickie, Vicky Vincent → Vince Virginia →  Ginger, Ginny Vivian → Viv Walter → Wally, Walt William → Will, Willy, Bill, Billy, Liam Winifred →  Winnie, Freddie Zachariah, Zachary → Zack, Zach Zebadiah, Zebedee → Zeb Agnes → Aggie Alan → Al → Allie, Ally Alexander, Alexandra → Sandy; Lex → Lexi, Lexie; Leck → Leckie Alfred → Alf → Alfie Amanda → Amy, Mandy Anne → Annie; Nan → Nancy Arthur → Art →  Artie Andrew → Andy Barbara → Barb → Barbie Barnaby → Barney Benjamin → Ben → Benny, Bennie Charles → Charlie → Chuck → Chucky Daniel → Dan → Danny David → Dave → Davy Deborah → Deb → Debbie Dennis → Denny Dorothy → Dot → Dottie Edwin, Edward, Edmund → Ed → Eddie, Eddy; Ned → Neddy Elaine → Lainie Frances → Fran → Franny Franklin→ Frank → Frankie Gabriel → Gabe → Gaby Gary → Gaz → Gazza Gerald→ Gerry George → Georgie Gillian → Jill → Jilly Grace → Gracie Herbert → Herb, Bert → Herbie, Bertie Isabella → Izzy James → Jamie, Jim →Jimmy Jessica → Jess → Jessie Joel, Joseph  → Joe → Joey Jonathan → Jon → Jonnie, Jonny Katherine → Kate → Katie Kimberly → Kim → Kimmy Kenneth → Ken → Kenny Lawrence → Larry, Laurie Leonard → Len → Lenny Louis → Lou →  Louie Mary → Moll → Molly Michael → Mick → 'Micky, Mike → Mikey Nell → Nellie, Nelly Nicholas → Nick → Nicky Oliver → Ollie Oswald → Oz → Ozzie Patricia → Pat →  Pattie, Patty Peter → Pete → Petey Priscilla → Cilla → Cilly Richard → Rick → Ricky Robert → Bob → Bobby Ronald → Ron → Ronnie Rose → Rosie Rosemary → Rose → Rosie, Rosy Stephen → Steve → Stevie Susan → Sue → Susie, Suzy Thomas → Tom → Tommy Timothy → Tim → Timmy Tobias → Toby Victoria → Tor →Tori, Vick → Vickie, Vicky Wallace → Wall → Wally William → Will, Bill → Willie, Willy, Billy Zebadiah → Zeb → Zebby Ann, Anne, Anna → Nan (from the phrase "mine Ann", an archaic form of "my Ann") Barbara → Babs Charles → Chuck, Chaz, Chic Christopher, Christine → Kit Dorothy → Dot, Dottie Edward → Ed → Ned, Ted, Teddy Eleanor, Ellen, Helen → Nell, Nellie Elizabeth → Bess, Bessie, Beth, Betsy, Betty, Liz, Lizzie Henry → Hal, Hank, Harry James → Jim → Jimbo, Jimmy John → Jock, Jack → Jackie Katherine → Kate, Kitty Margaret → Meg, Maggie, Madge, Marge, Moll, Greta, Rita, Peg, Peggy, Daisy Mary → Mae, Minnie, Molly → Polly Murray → Muzza Philippa → Pippa, Pip, Pippy Richard → Rick → Dick Robert → Bob, Rob → Robin, Dobbin Sarah → Sally Theodore → Ted, Teddy Virginia → Ginger, Ginny Elizabeto → Elinjo Mario → Manjo Sofio → Sonjo fratino → franjo (sister → sis) onklino → onjo (aunt → auntie) patrino → panjo (mother → mom) Aleksandro → Aleĉjo Johano → Joĉjo Petro → Peĉjo frato → fraĉjo (brother → bro, bub) onklo → oĉjo (uncle → unk) patro → paĉjo (father → dad) Catherine → Cathy Christelle → Chris Christophe → Chris Frédéric, Frédérique → Fred Grégory, Grégoire → Greg Jean-Michel → Jean-Mi Joannie → Jo Marie-Charlotte → Macha Marie-Josée → Marie-Jo Maxime → Max Michaël → Mic Philippe → Phil Stéphane → Steph Stéphanie → Steph Christophe → Tophe Augustin → Gus Emmanuel → Manu Emmanuelle → Manu André → Dédé Annie → Nini Augustin → Tintin Christine → Kikine Christophe → Totophe Joseph → Jojo Julie → Juju Louis → Loulou all female names ending in -tine → Titine Charles → Charlot Jean → Jeannot Jules → Julot Pierre → Pierrot Marguerite → Margot Henri → Henriquet Jacques → Jacquet Anne → Annette Jeanne → Jeannette Marie → Mariette Paule → Paulette Antoine (male) → Antoinette (female) Pierre (male) → Pierrette (female) Nicolas (male) → Nicolette  (female) (rare and dated) → Colette Antoinette → Toinon Françoise → Fanchon Henri → Riton Marie → Marion Louis → Louison Louise → Louison Anne → Nanou Annick (original in Breton: Annaig), from  Anne Soizic (original: Soazig), from Frañsoaz, the Breton writing for the French "Françoise" Loïc, probably from the French Louis Yannick (original: Yannig), from Yann, meaning "John" in Breton Anna, Anne → Anni Anton → Toni Elisabeth → Liesl Franziska → Franzi, Sissi Georg → Schorsch (mostly Bavarian and Swiss German) Ignaz → Nazi (Bavarian; out of use), Nazl (mostly Bavarian German, still in use) Johannes → Hannes → Hans → Hansi Josef, Joseph → Sepp (Bavarian), Jupp (Rhinelandic) Karl → Kalle, Kalli Katharina → Kathi Margarete → Grete, Gretchen Maximilian → Max Michael → Michi Siegfried → Siggi Sabrina → Bini Susanne, Susanna, Susann → Susi Therese, Theresia → Resi (mostly Bavarian) Ulrich → Uli (Ueli in Swiss German) Wilhelm → Willi Barbara → Babsi → Bärbel Ursula → Uschi, Ulla, Ursel Christina, Christine → Trina, Trine (northern Germany), Tina, Tine → Christel Friedrich → Fritz (but compare the much softer Fidi from northern Germany) Heinrich → Heini, Heinz, Hinz Konrad → Kunz Anna (Anne) → Ani(ka), Annácska, Anci(ka), Annus(ka), Panni(ka), Panna, Panka, Nusi(ka) György (George) → Gyur(i)(ka) István (Steven) → (P)isti(ke), Istvánka, Pityu(ka) János (John) → Jan(cs)i(ka), Jankó(ka) József (Joseph) → Józsi(ka), Jocó(ka), Jozsó(ka), Joci(ka) Károly (Charles) → Karcsi(ka), Karesz(ka), Károlyka Margit (Margaret) → Manyi(ka), Manci(ka), Margó(ka), Gitta Mária (Mary) → Mar(cs)i(ka), Máriácska, Mári(ka), Mara, Marácska, Manci(ka), Ria, Riácska Terézia (Theresa) → Trézsi(ke), Terka, Teri(ke), Terézke, Terus(ka), Teréziácska Vilmos (William) → Vili(ke), Vilmos(ka) Zsuzsa (Susan) → Zsuzsi(ka), Zsuzska, Zsu Guðmundur → Gummi, Gvendur Jón → Jónsi, Nonni Magnús → Maggi Sigfús → Fúsi Sigurður → Siggi Þorbjörg → Tobba Guðrún → Gunna Sigríður → Sirrý Guðríður → Gurrý Agatino → Tino Alessandro, Alessandra → Sandro, Sandra, Ale, Alex Angelo → Angelino → Lino Antonio → Antonino → Tonino (Southern Italy), Totò (Naples), Nino Benito → Tito Calogero → Gerry Carmine → Carm Domenico → Mimmo Federico → Chicco Filippo → Pippo, Filli, Fili, Lippo Filomena → Mena Gaetano → Nino (Campania), Tano (Sicily) Gennaro → Gennarino → Rino Giovanni → Giovannino → Nino, Giuann (Northern Italy), Gianni, Zani (Venice), Nanni (Rome) Giuseppe → Peppe → Peppino → Pino, Pippo, Puccio, Pucci (Southern Italy), Pinin  (Piedmont), Geppo, Geppetto, Beppe, Bepi Grazia → Graziella Guglielmo → Guglielmino → Mino, Guglia, Elmo Lorenzo → Enzo Luigi → Luigino → Gino, Gigi, Gigetto (Rome) Matteo → Teo Paolo → Paolino Pasquale → Pasqualino → Lino Raffaele → Raffalino → Lino, Lello, Lele Salvatore → Turi, Turiddu, Uccio (Sicily), Totò (Palermo), Salvo (Catania), Totore, Rino (Naples), Tore (Sardinia), Turi (Calabria), Sal, Sally Vincenzo → Enzo राम Raam → रामे Raamé पार्वती Paarvatee → पारु Paaru बिष्णु/बिस्नु Bishnu/Bisnu → बिस्ने Bishné रुक्मणी Rukmani → रुकु Ruku عبدالله Abdollāh → عبدل Abdol, Abdoli عبدالرضا Abdolrezā → رضا Rezā ابوالفضل Abolfazl → فضی Fazi امیرعلی Amirali → امیر Amir انوشیروان Anushiravān → انوش Anush اسدالله Asadollāh → اسدلی Asdoli آزیتا Āzitā → آزی Āzi بابک Bābak → بابی Bābi فرانک Farānak → فری Feri فریبرز Fariborz → فری Feri فاطمه Fātemeh → فاطی Fāti گلناز Golnaz → گلی Goli جهان‌بخش Jahānbakhsh → جهان Jahān کامران Kāmrān → کامی Kāmi کامیار Kāmyār → کامی Kāmi کتایون Katāyun → کتی Kati خشایار Khashāyār → خشی Khashi کیارش Kiārash → کیا Kiā کیاوش Kiāvash → کیا Kiā معصومه Ma'sumeh → مصی Masi منوچهر Manuchehr → منوچ Manuch مازیار Māziār → ماز Māz مهدی Mehdi → میتی Me(i)ti مهرانگیز Mehrangiz → مهری Mehri محمد Mohammad → ممد Mammad محمدعلی Mohammadali → مملی Mamali نازنین Nāzanin → نازی Nāzi نیلوفر Nilufar → نیلو Nilu نوش‌آفرین Nushāfarin → نوشی Nushi پرستو Parastoo → پری Pari پریسا Parisā → پری Pari پروانه Parvāneh → پری Pari پروین Parvin → پری Pari پوران‌دخت Purāndokht → پوران Purān شهربانو Shahrbānu → شه Shah شهرزاد Shahrzād → شه Shah شهزاده Shahzadeh → شه Shah سیامک Siāmak → سیا Siā سیاوش Siyāvash → سیا Siā سوزان Suzān → سوزی Suzi یاسمن Yāsaman → یاسی Yāsi زهرا Zahrā → زری Zari Adam →  Adaś Agnieszka → Aga, Agniesia, Agusia, Agunia Aleksandra → Ola, Oleńka, Olusia, Olka, Olcia Aleksander → Olek, Alek, Oluś Andrzej → Andrzejek, Jędrek, Jędruś Anna → Ania, Anka, Anusia, Andzia', Anulka Antoni → Antek, Antoś, Tosiek, Tońcio, Toni Antonina → Tosia, Tola, Tośka Arkadiusz → Arek, Aruś, Areczek Barbara → Basia, Baśka, Basieńka, Basiunia Bartłomiej → Bartek, Bartuś Bartosz → Bartek, Bartuś Dariusz → Darek, Dareczek Edward → Edek, Edzio Elżbieta → Ela, Elżunia, Elunia Emilia → Emilka Eugeniusz → Genek, Gienek Ewa → Ewka, Ewusia, Ewcia, Ewunia Felicja → Fela, Felka, Felcia Genowefa → Gienia, Gienka Grzegorz → Grzesiek, Grześ, Grzesio Hanna → Hania, Hanka Helena → Helenka Henryka → Henia, Heńka Henryk → Henio, Heniek Iwona → Iwonka Jadwiga → Jadzia, Jagoda, Jadwisia Jakub → Kuba, Kubuś Jarosław → Jarek, Jaruś, Jareczek Jan → Jaś, Janek, Jasiek Janusz → Januszek Jerzy → Jurek, Jerzyk, Juruś Joanna → Joasia, Asia, Aśka, Joaśka Julia  → Julka, Julcia, Jula Karolina → Karolinka, Karolcia Katarzyna → Kasia, Kaśka, Kasieńka, Kasiunia Kazimierz → Kazek, Kazio, Kazik Krzysztof → Krzysiek, Krzyś, Krzysio Lech → Leszek, Lechu, Lesio (Leszek may also appear as a given name) Leszek → Lech, Lechu, Lesio Maciej → Maciek, Maciuś, Maćko Magdalena → Madzia, Magdzia, Magdusia, Magda Małgorzata → Małgosia, Małgośka, Gośka, Gosia, Gosieńka Maria → Marysia, Maryśka, Mania, Marysieńka, Majka Marek → Maruś, Mareczek Michał → Michaś, Misiek Mirosław → Mirek, Mireczek, Mirko, Miruś Paweł → Pawełek, Pawcio Piotr → Piotrek, Piotruś Roman → Romek, Romeczek, Romuś Ryszard → Rysiek, Rysio Sławomir → Sławek, Sławuś Tadeusz → Tadek, Tadzio, Tadzik Tomasz → Tomek, Tomuś, Tomcio, Tomaszek, Tomeczek Władysław → Władek, Władzio Włodzimierz → Włodek Witold → Witek Wojciech → Wojtek, Wojtuś Zofia → Zosia, Zośka Zbigniew → Zbyszek, Zbyszko Alberto → Beto, Berto, Betinho Alexandre → Alex, Xano, Xaninho, Xande, Xanocas António, Antônio → Tó, Toninho, Toni, Tonico, Toneca; in Brazil: Tonho,  Toinho, Tonhão Augusto → Guto Carlos → Carlinhos, Carlitos, Caco, Cacá, Carlão Daniel → Dan, Dani Eduardo → Du, Edu, Dudu, Duda Fernando → Nando Filipe/ → Filipinho, Pipo, Felipão, Lipe, Fefê Francisco → Chico, Chiquinho, Chicão, Quico, Paco, Fran Frederico → Fred, Quico Gonçalo → Gongas, Gonça Guilherme → Gui Gustavo → Guto, Guga, Gugu João → Joãozinho, Juca, Janjão, Ju João Carlos → Juca, Juquinha, Joca Joaquim → Quim, Quinzinho, Quincas, Joca José → Zé, Zezinho, Zezito, Zeca, Zezé José Carlos → Zeca, Zequinha Luís → Luisinho, Lula Manuel → Manel, Manelinho, Mané, Maneco, Nelo, Nelito, Neca Miguel → Miguelinho, Miguelito, Micas, Guel Pedro → Pedrinho, Pedrito, Pedrocas, Pepeu, Pepe, Pepas Raimundo → Mundinho Ricardo → Ricardinho, Riqui, Cacá, Cardo Samuel → Samuca Sebastião → Tião Ana → Aninha, Aninhas, Anita, Anicas Adriana → Dri, Drica Alexandra → Xana, Xaninha, Alex Antónia → Antoninha Antonieta → Tieta Aparecida → Cida, Cidinha Beatriz → Bia Carolina → Carol Catarina → Cati Cecília → Ceci, Ciça, Cilinha Cristina → Cristininha, Tina, Cris Eduarda → Duda Elisabete → Bé, Bete, Beta Filipa → Pipa, Lipa Fátima → Fá, Fati, Fatinha Helena → Lena, Leninha Isabel → Isabelinha, Belinha, Bel, Bebel, Becas, Isa Joana → Joaninha, Jô, Ju Júlia → Julinha, Ju, Juju Leonor → Nonô, Léo Letícia → Lê, Lelê Lúcia → Lu, Lulu, Lucinha, Luci Luísa → Luisinha, Lu, Lulu, Isa, Lula Marcela → Marcelinha, Cela, Celinha Margarida → Guida, Guidinha, Magui Maria → Mariazinha, Micas, Mia, (in Alentejo) Bia Renata → Rê, Renatinha Rita → Ritinha Rosa → Rosinha, Rosita Teresa →  Teresinha, Teca, Terê Adrian → Adi Alexandru → Ale, Alex, Alecu, Sandu Ana → Anița, Anica Anton → Toni Andreea → Deea Cătălin(a) → Cătă Claudiu → Claudel, Clau, Diu, Diuţu Constantin → Costică, Titi Cristian → Cristi Daniel → Dan, Dani,Dănuţ Dorina → Dori, Dana Elena → Ema, Lena, Lenuţa Eugen → Jenică; Eugenia → Jeni Fernanda → Anda Florentina → Ina, Flori Gabriel → Gabi Georgeta → Geta Georgina → Gina Gheorghe → Georgică, Gică, Gigi, Guţă, Ghio Horaţiu → Hori Ileana → Nuţi Ion, Ioan → Ionel, Ionuţ, Nelu, Neluțu, Nuțu Marilena → Mari Maria → Mărioara, Mioara Mihaela → Mela, Ela, Eluța, Mica Monica → Moni Nicolae → Nicu, Nicuşor, Nae, Niki Octavian → Tavi Ovidiu → Ovi Petre → Petrică, Petruţ, Petrişor Raluca → Ralu, Uca Ştefan → Fane, Fănel, Fănică, Ştefănel Teodor → Teo Valentin → Vali Vasile → Lică, Vasilică, Sile Viorel → Relu Victoria → Victorița, Vica Vlad → Vlăduţ, Duțu Aleksey → Alyosha, Alyoshen'ka, Alyoshka, Lyosha, Lyoshka, Lyoha Aleksandr, Aleksandra → Sasha, Sashen'ka, Sashechka, Sashka, Sanya, San'ka, Shura, Shurka, Shurik, Shurochka Alyona →  Alyonka, Alyonooshka Anastasiya → Nastas'ya, Nastya, Nasten'ka, Nastyushka, Nastyona, Nast'ka, Natasha, Asya, Stasya Andrey → Andryusha, Andryukha, Dyusha, Dyukha, Andron, Dron Anna → Anya, Anyuta, Anyutka, Anechka, Annushka, Nyuta, Nyura, Nyurka, Nyusha Artyom → Tyoma, Tyomych Avdotya → Dunya, Dunyasha Boris → Borya, Boren'ka, Boryusha, Bor'ka Dmitry → Dima, Dimka, Dimochka, Dimulia, Dimon, Dimych, Mitya, Miten'ka, Mitёnka, Mityusha, Mit'ka Elena →  Lena, Lenka, Lenochka, Lenochek, Lenok, Elenchyk, Lenyusya Galina →  Galya, Galka, Galechka Gennady →  Gena, Gesha, Genka, Genych, Genchik, Genochka Georgiy → Zhora, Gosha, Goga Gleb → Glebka Grigoriy → Grisha, Grinya, Grikha Igor → Igoryok, Igoryochek, Gosha, Garik Irina → Ira, Irochka, Irunya, Irisha, Irishka, Irka, Irinka, Irusya Ivan → Vanya, Ivanushka, Vanechka, Van'ka, Vanyusha Kirill → Kiryusha, Kirya Konstantin → Kostya, Kosten'ka, Kostik, Kost'ka, Kotya, Koka Kseniya, Oksana → Oksanka, Ksana, Sana, Ksyuha, Ksyusha Larisa → Lora, Lorka Leonid → Lyonya, Lyonechka, Lyon'ka, Lyonchik Lev → Lyova, Lyovochka, Lyovka Lyudmila → Lyuda, Lyusya, Mila Margarita (given name) → Rita, Ritka, Ritusya, Ritunya, Ritik Mariya → Masha, Manya, Man'ka, Manyunya, Mashen'ka, Mashechka, Mashka, Marusya, Makha Mikhail → Misha, Mishen'ka, Mischechka, Mishanya, Mishka, Mishutka, Mikha Nadezhda → Nadya, Nad'ka, Naden'ka, Nadyusha Nataliya → Natasha, Nata, Natashen'ka, Natakha, Natusyen'ka, Natusik, Natashka Nikolay → Kolya, Kolen'ka, Kolyunya, Nikolen'ka, Nikolasha, Kol'ka, Kolyan Oleg → Olezhka, Olezha, Olezhek, Olegushka, Lega, Lyoka Olga → Olya, Olen'ka, Olechka Pavel → Pasha, Pashka, Pashen'ka, Pavlik, Pakha, Pakhan, Pavlusha Pyotr → Petya, Pet'ka, Peten'ka, Petrusha, Petruha, Petyunya Radimir → Radya, Mira Roman → Roma, Romka, Romochka, Romych Sergey → Seryozha, Seryoga, Seryozhen'ka, Seryozhka, Seriy, Sega Stepan → Styopa, Styopan'ka, Stepan'chik, Styopushka, Styopka Stanislav→ Stasya, Stasik, Stasen'ka Sofiya → Sonya, Sonechka, Sofa, Sofochka Svetlana → Sveta, Svetochka, Svetyushka, Svetka Svyatoslav, Vyacheslav → Slava, Slavik, Slavochka Stanislav → Stas Taisiya → Tasya, Taya Tatyana → Tanya, Tanechka, Tanyusha, Tan'ushka, Tan'ka, Tan'chik, Tata, Tatochka Vadim → Vadik, Vadimka, Vadya, Vadisha, Vadyusha Valeriy → Valera, Valerka, Valerik Valeria → Lera, Lerusha, Lerka, Valera Viacheslav  → Slava, Slavik, Vyachik, Slavyan, Slavutich Viktor → Vitya, Viten'ka, Vit'ka, Vityok, Vityay Vitaly → Vitalik, Vitalya, Vyetal Viktoriya → Vika, Vita, Vikulechka, Vikusik Vladimir → Volodya, Volod'ka, Voloden'ka, Vova, Vovka, Vovochka,  Vovan Vladislav → Vlad, Vladik, Vladyusha, Vladya, Slava, Slavik Yaroslav → Yarik, Yaroshka, Slava, Slavik, Slavochka Yefim → Fima, Fimochka Yekaterina → Katerina, Katya, Katechka, Katen'ka, Katyukha, Katyusha, Kat'ka Yevgeny → Zhenya, Zhen'ka, Zheka, Zhenyok, Zhenechka Yevgenia → Zhenya, Zhenechka, Zhen'ka Yuriy → Yura, Yurka, Yurik, Yurok Aleksandar → Aca, Aco, Sale, Saša Aleksandra → Sandra, Saša, Saška Ana → Anica, Anka Anđelka, Anđelija → Anđa Arsenije, Arsen → Arsa, Arso Biljana → Bilja Blagoje → Blaža, Blažo, Blago Bogdan, Bogoljub, Bogoje → Bogi, Boša, Bole Bojan → Boki, Bole Borislav, Boriša, Borivoje → Bora, Boro Bosiljka → Bosa Božidar → Boža, Božo, Boško, Bole Branislav, Branimir, Branko → Bane, Brana, Brano Branislava, Branka → Brana Budimir → Buda, Budo Čedomir → Čeda, Čedo Danica → Dana Danilo, Danko → Dača, Dačo Darko → Dare Dejan → Deki, Dejo Desanka → Desa Dimitrije → Mita, Mito, Mitar Dragana → Gaga Dragan → Gaga, Gagi Dragica, Dragojla → Draga Dragiša → Dragi, Gidra, Giša Dragoljub, Dragoslav, Dragomir → Draža, Drakče, Dragi, Gidra, Gagi Dražen → Draža, Dražo, Žodra, Drale Dušan → Duško, Dule, Duki, Duda Đorđe, Đorđije → Đoka, Đoko, Đole Đurađ, Đurđe → Đura, Đuro Filip → Fića, Fićo Goran → Goksi, Goša Gordana → Goga, Goca Ivan, Ivica → Ivke, Ivo, Ivko Ivana, Ivanka → Iva, Ivka Katarina → Kaća, Kata Kosta, Konstantin → Kole, Koča Lena → Lenče, Lenka Ljiljana → Ljilja Ljubomir, Ljubiša, Ljubisav, Ljubodrag → Ljuba Jasna, Jadranka → Jaca Jelena, Jelica → Jela, Jeca Jovan, Jovica → Jova, Jovo, Joca, Jole Jovana, Jovanka → Joka Lazar → Laza, Lazo Leposava, Lepava → Lepa Maksim, Maksimilijan → Maksa, Makso Marija, Marica, Marijana → Mara, Maša, Maca, Maki Marko → Mare Milan, Miloš, Mihailo, Mihajlo, Miljan, Milovan, Miodrag, Milivoje, Milorad, Milutin, Milun, Milenko, Milojko, Milisav, Milomir, Miomir, Milić → Miško, Miša, Mišo, Šomi, Mićko, Mića, Mićo, Ćomi, Mile, Milo, Mija, Mijo Milena, Milica, Milijana, Milka → Mica, Mila Mirjana, Miroslava → Mira, Mirka Miroslav, Miroje → Mika, Miki, Miro Mladen, Mlađan → Mlađa, Mlađo, Đomla Momčilo, Momir → Moma, Momo Nadežda, Nadica → Nada Nataša, Natalija → Nata Nebojša → Neša, Nešo, Šone, Nebo Nenad → Neša, Nešo, Šone, Nele, Neno Nikola → Nidža, Nidžo, Džoni Ognjen → Ogi Pantelija → Panta, Panto Pavle → Paja, Pajo Petar, Perica → Pera, Pero Predrag → Peđa, Preša, Predo Radmila → Rada, Rajka Radomir, Radoslav, Radislav, Radisav, Radiša, Radoš, Radašin, Radovan, Radoje, Radojica, Radivoje, Radenko → Rade, Raša, Rašo, Rajko Ratimir, Ratibor, Ratko → Rato Ružica → Ruža, Ruška Slađana → Slađa Slavoljub, Slavomir, Slaviša, Slaven → Slavko, Slave Slobodan → Sloba, Slobo, Boba, Bodo Snežana, Snježana → Sneža, Snježa, Sneška, Sneki Srboljub, Srbislav → Srba, Srbo Sreten → Sreta, Srele Srđan → Srđa, Srđo, Srle, Srki Stanislav, Stanimir, Stanoje, Stanko → Stane Stevan, Stevica, Stefan → Steva, Stevo Svetislav, Svetozar, Svetomir, Svetolik → Sveta, Sveto Svetlana, Svjetlana → Ceca, Seka Tanasije → Tasa, Taško Tihomir → Tika, Tiho Todor → Toša Tomislav → Toma, Tomo, Tole Uroš → Urke Vasilije, Vasilj → Vasa, Vaso, Vasko Velibor → Bora, Boro, Velja, Veljo Velimir, Veljko → Velja, Veljo Veroljub, Veroslav → Verko Veselin → Vesa, Veso, Vesko Vesna → Veca, Veki Violeta → Viki Vitomir → Vita, Vito Vladimir, Vladan → Vlada, Vlado, Vlatko Vlastimir → Vlasta Vojislav, Vojin → Voja, Vojo Vuk, Vukašin, Vukan → Vule, Vučko, Vučina, Vukša, Vuksa, Vuki Zvonimir → Zvonko Zoran → Zoki, Kiza, Zoksi Zorica, Zorana → Zoka Želimir → Željko Živorad, Žikica, Živojin, Živko → Žika, Žile Alexandra → Saša, Saška Mária → Marika Jakub → Jakubko, Kubo, Kubko Jozef → Jožo, Jožko Kristína → Kika, Kristínka Martin, Matej → Maťo, Maťko Natália → Natálka Rastislav → Rasťo, Rastík Stanislav → Stano, Stanko Albert  → Bert, Berti, Berto Aleksander → Sandi, Saša, Sašo, Aleks, Sanja Aleksandra  → Sandra, Saša Aleksej  → Aleš,Aleks Alojzij, Alojz  → Lojze, Lojz Amalija  → Malija, Malči Ana → Anica, Anka, Ančka, Anita, Anja Andrej  → Drejc, Drejko Angela  → Angelca, Angelika Anton  → Tone, Toni (regional) Antonija  → Tončka Avguštin  → Gušti, Guštin (regional) Benjamin  → Beno Bogoslav  → Bogo Božidar  → Božo, Boško Branislav  → Branko Cecilija  → Cilija, Cilka Dana  → Danica Dimitrij  → Mitja, Mito Edvard  → Edo, Edi Egidij  → Tilen, Ilj, Tilj, Tiljan (regional), Tiljo (regional) Elizabeta  → Špela, Beti, Betka Ferdinand  → Ferdo Filip → Lipe France, Franc, Frančišek  → Fran, Frane, Franci, Franček, Franek (regional), Feri (regional) Frančiška  → Francka Gregor, Gregorij  → Grega Helena → Alenka, Lenka Henrik  → Hinko, Hari, Henko, Riko, Riki Ignacij, Ignac  → Nace Ivan  → Ivo, Vane, Vanko Ivana  → Ivanka, Vanka Jakob  → Jaka Janez  → Janko, Jani, Jan, Anže, Anžej, Anzej (regional) Jernej  → Nejc, Nejo Jožef, Josip  → Jože, Joško, Pepi (regional), Juš Jožefa  → Pepca, Jožica Jurij  → Jure, Juro (regional) Karel  → Karlo, Karol, Čarli Katarina  → Katja, Katra Leopold  → Polde Lucija  → Lučka Magdalena  → Maja, Alenka, Majda, Magda Margareta  → Meta, Metka Marija → Mojca, Mara, Marica, Marina, Mojcej (regional) Martin  → Tine Martina  → Tina Matej, Matjaž  → Matija, Matic, Tjaž Mihael  → Miha Nikolaj  → Niko, Nik, Miki (regional) Pavel  → Pavle Peter  → Pero Rudolf  → Rudi Sebastijan, Sebastjan  → Boštjan Stanislav  → Stanko, Slavko Stanislava  → Slavka Štefanija  → Štefka Terezija  → Zinka Urša  → Urška Valentin  → Tine Valentina  → Tina Vincenc  → Cene, Vinko Juana → Juanita → Ju Jorge → Jorgito → Jor Antonio → Antoñín, Antoñito, Antoñete, Antoñillo, Toño María Teresa → Maritere, Mayte, Maité, Marité María Luisa → Marisa, Marilú, Malú María del Carmen → Mayca, Mame, Mamen María Isabel → Maribel, Marisa Luz María → Luzma María Fernanda → Marifer, Mafer María Salvadora → Marisa Juan Carlos → Juanca Juan Esteban → Juanes Juan Manuel → Juanma Juan Miguel → Juanmi Juan Pablo → Juampi Alberto → Berto, Beto Alfonso → Fon, Fonso, Fonsi, Poncho Alicia →  Licha Anastasio → Tasio, Tacho Aniceto → Cheto Antonio → Toño, Toni, Antón Beatriz → Bea, Beti Carlos → Carlitos Concepción → Concha, Conchita, Conchi Consuelo → Chelo Diego → Yago Dolores → Lola, Lolita Eduardo → Edu, Edy, Lalo Enrique → Quique, Rico Ernesto → Tito Feliciano → Chano Felipe → Feli, Pipe Federico → Fede, Quico, Kiko Fernanda → Fer, Nanda Fernando → Fer, Fernan, Nando, Fercho Francisco → Fran, Paco, Curro, Pancho, Pacho, Pacheco, Quico, Francis Graciela → Chela, Gra Guadalupe → Lupe, Lupita Guillermo → Guille, Guillo, Memo, Picho Ignacia → Nacha Ignacio → Nacho Inmaculada → Inma, Macu Isabel → Isa, Chavela, Chabela, Chábel, Chava Jesús → Chuy, Chus, Chucho, Suso, Jesusín Jorge → Coque José → Pepe, Chepe José María → Chema, Josema Juan → Juancho, Juani Laura → Lala, Lau, Yaya Lidia → Yiya Lucero → Lucha Luis → Lucho, Güicho Luisa → Lucha Manuel → Manu, Manolo, Lolo María Fernanda → Máfer, Marifer María José → Coté, Marijose, Majo Marisela → Chabela, Chela Maximina → Chimina Mercedes → Meche, Merci Miguel → Migue Oswaldo → Ozzie, Waldo, Valdo Patricia → Pato Ramón → Moncho, Monchi, Ramoncito Refugio, María del Refugio → Cuca Roberto → Rober, Berto, Beto Rosario → Chayo, Charo Rosillo → Chillo Santiago → Santi, Chago Sergio → Checo Silvia → Chiva Soledad → Sole, Lola Tomás → Tommy, Tomi, Tom Vicente → Vicen, Chente Beatriz → Beti Javier → Javi (m.), Javy Leticia → Leti Pilar, María del Pilar → Pili Susana → Susi Anders → Adde, Ante Andreas → Adde, Ante Bengt → Bengan, Benke Bo → Bosse Daniel → Danne Filip → Fille Frans → Frasse Fredrik → Fredde Gustav → Gurra Hans → Hasse Henrik → Henke Henning → Henke Jan → Janne Joakim → Jocke John → Jonte Jonatan → Jonte Karl → Kalle Krister → Krille Kristian → Krille Kristoffer → Krille, Stoffe Lars → Lasse Leif → Leffe Magnus → Mange Mikael → Micke Nils → Nisse Oskar → Orre, Ogge Per → Pelle, Perra Pontus → Putte Roland → Rolle Sebastian → Sebbe, Basse Sigvard → Sigge Stefan → Steffe Sven → Svempa, Svenne Tobias → Tobbe Tomas → Tompa Torbjörn → Tobbe Torsten → Totta Ulf → Uffe Viktor → Vicke Vilhelm → Ville Caroline → Carro, Line Charlotta → Lotta Katarina → Kattis, Katta Kristina → Stina, Tina Magdalena → Malena, Lena Maria → Mia Susanna → Sussi, Sanna Abdullah → Apo Fatma → Fatoş Hasan → Haso Hatice → Hatçe İbrahim → İbo Mehmet → Memo Süleyman → Sülo Alper → Alp Muzaffer → Muzo Bronwen → Bron Catrin → Cadi David → Dai, Dewi Elen → Nel, Neli Elisabeth → Bethan, Beth, Leusa Esther → Nesta Geraint → Ger Huw → Huwcyn Ioan → Jac Iorwerth → Iori Myfanwy → Myfi Richard → Dic Siôn → Siôni Tomos → Tomi, Twm
